INSERT INTO "SLOWNIKI" (SLOW_ID, SLOW_KOD, SLOW_OPIS) VALUES ('1', 'TYPY_JEDNOSTEK', 'Słownik typów jednostek.'); select slowniki_slow_id_seq.nextval from dual;
INSERT INTO "POZYCJE_SLOWNIKA" (POSL_ID, POSL_KOD, POSL_WARTOSC, POSL_OPIS, SLOWNIKI_SLOW_ID) VALUES ('1', 'CENTRALA', 'C', 'Jednostka centrala', '1'); select pozycje_slownika_posl_id_seq.nextval from dual;
INSERT INTO "POZYCJE_SLOWNIKA" (POSL_ID, POSL_KOD, POSL_WARTOSC, POSL_OPIS, SLOWNIKI_SLOW_ID) VALUES ('2', 'ODDZIAL', 'O', 'Oddzial krajowy', '1'); select pozycje_slownika_posl_id_seq.nextval from dual;
INSERT INTO "POZYCJE_SLOWNIKA" (POSL_ID, POSL_KOD, POSL_WARTOSC, POSL_OPIS, SLOWNIKI_SLOW_ID) VALUES ('3', 'FIRMA', 'F', 'Firma podlegla', '1'); select pozycje_slownika_posl_id_seq.nextval from dual;
INSERT INTO "POZYCJE_SLOWNIKA" (POSL_ID, POSL_KOD, POSL_WARTOSC, POSL_OPIS, SLOWNIKI_SLOW_ID) VALUES ('4', 'AGENT', 'A', 'Agent dzialajcy w firmie', '1'); select pozycje_slownika_posl_id_seq.nextval from dual;

INSERT INTO "JEDNOSTKI_STATYSTYCZNE" (JSTA_ID, JSTA_NAZWA, JSTA_TYP) VALUES ('1', 'CENTRALA', 'C'); select JEDNOSTKI_STATYSTYCZNE_JSTA_ID.nextval from dual;
INSERT INTO "JEDNOSTKI_STATYSTYCZNE" (JSTA_ID, JSTA_NAZWA, JSTA_JSTA_ID, JSTA_TYP) VALUES ('2', 'ODDZIAŁ GDAŃSK', '1', 'O'); select JEDNOSTKI_STATYSTYCZNE_JSTA_ID.nextval from dual;
INSERT INTO "JEDNOSTKI_STATYSTYCZNE" (JSTA_ID, JSTA_NAZWA, JSTA_JSTA_ID, JSTA_TYP) VALUES ('3', 'CU MARKIEWICZOWIE', '2', 'F'); select JEDNOSTKI_STATYSTYCZNE_JSTA_ID.nextval from dual;
INSERT INTO "JEDNOSTKI_STATYSTYCZNE" (JSTA_ID, JSTA_NAZWA, JSTA_JSTA_ID, JSTA_TYP) VALUES ('4', 'ANETA MARKIEWICZ', '3', 'A'); select JEDNOSTKI_STATYSTYCZNE_JSTA_ID.nextval from dual;
INSERT INTO "JEDNOSTKI_STATYSTYCZNE" (JSTA_ID, JSTA_NAZWA, JSTA_JSTA_ID, JSTA_TYP) VALUES ('5', 'DOMINIK MARKIEWICZ', '3', 'A'); select JEDNOSTKI_STATYSTYCZNE_JSTA_ID.nextval from dual;
INSERT INTO "JEDNOSTKI_STATYSTYCZNE" (JSTA_ID, JSTA_NAZWA, JSTA_JSTA_ID, JSTA_TYP) VALUES ('6', 'FILAR - AGENCI UBEZPIECZENIOWI', '2', 'F'); select JEDNOSTKI_STATYSTYCZNE_JSTA_ID.nextval from dual;
INSERT INTO "JEDNOSTKI_STATYSTYCZNE" (JSTA_ID, JSTA_NAZWA, JSTA_JSTA_ID, JSTA_TYP) VALUES ('7', 'DANUTA WALASZEK', '6', 'A'); select JEDNOSTKI_STATYSTYCZNE_JSTA_ID.nextval from dual;
INSERT INTO "JEDNOSTKI_STATYSTYCZNE" (JSTA_ID, JSTA_NAZWA, JSTA_JSTA_ID, JSTA_TYP) VALUES ('8', 'BOŻYDAR ARASIM', '6', 'A'); select JEDNOSTKI_STATYSTYCZNE_JSTA_ID.nextval from dual;
INSERT INTO "JEDNOSTKI_STATYSTYCZNE" (JSTA_ID, JSTA_NAZWA, JSTA_JSTA_ID, JSTA_TYP) VALUES ('9', 'MARIANNA SOCHA', '6', 'A'); select JEDNOSTKI_STATYSTYCZNE_JSTA_ID.nextval from dual;
INSERT INTO "JEDNOSTKI_STATYSTYCZNE" (JSTA_ID, JSTA_NAZWA, JSTA_JSTA_ID, JSTA_TYP) VALUES ('10', 'KAROL OPANIA', '6', 'A'); select JEDNOSTKI_STATYSTYCZNE_JSTA_ID.nextval from dual;

INSERT INTO "ADRESY" (ADRE_ID, ADRE_ULICA, ADRE_NR_BUDYNKU, ADRE_NR_LOKALU, ADRE_MIASTO, ADRE_KOD_POCZTOWY) VALUES ('1', 'GRUNWALDZKA', '140A', '15', 'GDAŃSK', '11-111'); select ADRESY_ADRE_ID_SEQ.nextval from dual;
INSERT INTO "ADRESY" (ADRE_ID, ADRE_ULICA, ADRE_NR_BUDYNKU, ADRE_NR_LOKALU, ADRE_MIASTO, ADRE_KOD_POCZTOWY) VALUES ('2', 'REYMONTA', '56', '1', 'GDAŃSK', '11-111'); select ADRESY_ADRE_ID_SEQ.nextval from dual;
INSERT INTO "ADRESY" (ADRE_ID, ADRE_ULICA, ADRE_NR_BUDYNKU, ADRE_NR_LOKALU, ADRE_MIASTO, ADRE_KOD_POCZTOWY) VALUES ('3', 'JANA HUSA', '11', '1', 'GDAŃSK', '11-111'); select ADRESY_ADRE_ID_SEQ.nextval from dual;

INSERT INTO "JSTA_ADRE" (ADRESY_ADRE_ID, JEDNOSTKI_STATYSTYCZNE_JSTA_ID) VALUES ('1', '1'); select JSTA_ADRE_ADRESY_ADRE_ID_SEQ.nextval from dual;
INSERT INTO "JSTA_ADRE" (ADRESY_ADRE_ID, JEDNOSTKI_STATYSTYCZNE_JSTA_ID) VALUES ('2', '3'); select JSTA_ADRE_ADRESY_ADRE_ID_SEQ.nextval from dual;
INSERT INTO "JSTA_ADRE" (ADRESY_ADRE_ID, JEDNOSTKI_STATYSTYCZNE_JSTA_ID) VALUES ('3', '6'); select JSTA_ADRE_ADRESY_ADRE_ID_SEQ.nextval from dual;

INSERT INTO "KAMPANIE_MARKETINGOWE" (KAMA_ID, KAMA_NAZWA, KAMA_OPIS, KAMA_PROCENT_ZNIZKI) VALUES ('1', 'WAKACYJNA', 'Kampania obejmuje specjalne polisy wakacyjne.', '10'); select KAMPANIE_MARKETINGOWE_KAMA_ID.nextval from dual;
INSERT INTO "KAMPANIE_MARKETINGOWE" (KAMA_ID, KAMA_NAZWA, KAMA_OPIS, KAMA_PROCENT_ZNIZKI) VALUES ('2', 'DOSWIADCZENI', 'Kampania dla doswiadczonych kierowcow. Wiek powyzej 40 lat.', '15'); select KAMPANIE_MARKETINGOWE_KAMA_ID.nextval from dual;
INSERT INTO "KAMPANIE_MARKETINGOWE" (KAMA_ID, KAMA_NAZWA, KAMA_OPIS, KAMA_PROCENT_ZNIZKI) VALUES ('3', 'STALY_KLIENT', 'Kampania dla stalych klientow.', '10'); select KAMPANIE_MARKETINGOWE_KAMA_ID.nextval from dual;

INSERT INTO "SLOWNIKI" (SLOW_ID, SLOW_KOD, SLOW_OPIS) VALUES ('2', 'TYPY_POJAZDOW', 'Słownik typów pojazdów.'); select slowniki_slow_id_seq.nextval from dual;
INSERT INTO "POZYCJE_SLOWNIKA" (POSL_ID, POSL_KOD, POSL_WARTOSC, POSL_OPIS, SLOWNIKI_SLOW_ID) VALUES ('5', 'OSOBOWY', 'O', 'Samochod osobowy', '2'); select pozycje_slownika_posl_id_seq.nextval from dual;
INSERT INTO "POZYCJE_SLOWNIKA" (POSL_ID, POSL_KOD, POSL_WARTOSC, POSL_OPIS, SLOWNIKI_SLOW_ID) VALUES ('6', 'CIEZAROWY', 'C', 'Samochod ciezarowy', '2'); select pozycje_slownika_posl_id_seq.nextval from dual;

INSERT INTO "SLOWNIKI" (SLOW_ID, SLOW_KOD, SLOW_OPIS) VALUES ('4', 'TYPY_SILNIKOW', 'Słownik typów silników.'); select slowniki_slow_id_seq.nextval from dual;
INSERT INTO "POZYCJE_SLOWNIKA" (POSL_ID, POSL_KOD, POSL_WARTOSC, POSL_OPIS, SLOWNIKI_SLOW_ID) VALUES ('7', 'BENZYNA', 'B', 'Silnik benzynowy', '4'); select pozycje_slownika_posl_id_seq.nextval from dual;
INSERT INTO "POZYCJE_SLOWNIKA" (POSL_ID, POSL_KOD, POSL_WARTOSC, POSL_OPIS, SLOWNIKI_SLOW_ID) VALUES ('8', 'DIESEL', 'D', 'Silnik diesla', '4'); select pozycje_slownika_posl_id_seq.nextval from dual;
INSERT INTO "POZYCJE_SLOWNIKA" (POSL_ID, POSL_KOD, POSL_WARTOSC, POSL_OPIS, SLOWNIKI_SLOW_ID) VALUES ('9', 'LPG-GAZ', 'LPG', 'Instalacja gazowa', '4'); select pozycje_slownika_posl_id_seq.nextval from dual;
INSERT INTO "POZYCJE_SLOWNIKA" (POSL_ID, POSL_KOD, POSL_WARTOSC, POSL_OPIS, SLOWNIKI_SLOW_ID) VALUES ('10', 'HYBRYDA', 'HYB', 'Silnik hybrydowy', '4'); select pozycje_slownika_posl_id_seq.nextval from dual;

INSERT INTO "SLOWNIKI" (SLOW_ID, SLOW_KOD, SLOW_OPIS) VALUES ('5', 'KRAJE', 'Słownik krajów.'); select slowniki_slow_id_seq.nextval from dual;
INSERT INTO "POZYCJE_SLOWNIKA" (POSL_ID, POSL_KOD, POSL_WARTOSC, POSL_OPIS, SLOWNIKI_SLOW_ID) VALUES ('11', 'POLSKA', 'PL', 'Polska', '5'); select pozycje_slownika_posl_id_seq.nextval from dual;
INSERT INTO "POZYCJE_SLOWNIKA" (POSL_ID, POSL_KOD, POSL_WARTOSC, POSL_OPIS, SLOWNIKI_SLOW_ID) VALUES ('12', 'NIEMCY', 'DE', 'Niemcy', '5'); select pozycje_slownika_posl_id_seq.nextval from dual;
INSERT INTO "POZYCJE_SLOWNIKA" (POSL_ID, POSL_KOD, POSL_WARTOSC, POSL_OPIS, SLOWNIKI_SLOW_ID) VALUES ('13', 'SZWECJA', 'SE', 'Szwecja', '5'); select pozycje_slownika_posl_id_seq.nextval from dual;

INSERT INTO "POJAZDY" (POJA_ID, POJA_TYP, POJA_MARKA, POJA_MODEL, POJA_ROK_PRODUKCJI, POJA_KRAJ_POCHODZENIA, POJA_VIN, POJA_RODZAJ_PALIWA, POJA_POJEMNOSC_SILNIKA, POJA_MOC_SILNIKA) VALUES ('1', 'O', 'VOLKSWAGEN', 'GOLF IV', '2007', 'DE', 'AAAAAAAAA1', 'B', '1800', '90'); select POJAZDY_POJA_ID_SEQ.nextval from dual;
INSERT INTO "POJAZDY" (POJA_ID, POJA_TYP, POJA_MARKA, POJA_MODEL, POJA_ROK_PRODUKCJI, POJA_KRAJ_POCHODZENIA, POJA_VIN, POJA_RODZAJ_PALIWA, POJA_POJEMNOSC_SILNIKA, POJA_MOC_SILNIKA) VALUES ('2', 'O', 'AUDI', 'A3', '2006', 'DE', 'AAAAAAAAA2', 'B', '1600', '75'); select POJAZDY_POJA_ID_SEQ.nextval from dual;
INSERT INTO "POJAZDY" (POJA_ID, POJA_TYP, POJA_MARKA, POJA_MODEL, POJA_ROK_PRODUKCJI, POJA_KRAJ_POCHODZENIA, POJA_VIN, POJA_RODZAJ_PALIWA, POJA_POJEMNOSC_SILNIKA, POJA_MOC_SILNIKA) VALUES ('3', 'O', 'SKODA', 'OCTAVIA II', '2009', 'DE', 'AAAAAAAAA3', 'B', '1800', '115'); select POJAZDY_POJA_ID_SEQ.nextval from dual;
INSERT INTO "POJAZDY" (POJA_ID, POJA_TYP, POJA_MARKA, POJA_MODEL, POJA_ROK_PRODUKCJI, POJA_KRAJ_POCHODZENIA, POJA_VIN, POJA_RODZAJ_PALIWA, POJA_POJEMNOSC_SILNIKA, POJA_MOC_SILNIKA) VALUES ('4', 'O', 'AUDI', 'A6', '2014', 'DE', 'AAAAAAAAA4', 'B', '2400', '180'); select POJAZDY_POJA_ID_SEQ.nextval from dual;
INSERT INTO "POJAZDY" (POJA_ID, POJA_TYP, POJA_MARKA, POJA_MODEL, POJA_ROK_PRODUKCJI, POJA_KRAJ_POCHODZENIA, POJA_VIN, POJA_RODZAJ_PALIWA, POJA_POJEMNOSC_SILNIKA, POJA_MOC_SILNIKA) VALUES ('5', 'O', 'OPEL', 'CORSA C', '2000', 'PL', 'AAAAAAAAA5', 'D', '1200', '60'); select POJAZDY_POJA_ID_SEQ.nextval from dual;
INSERT INTO "POJAZDY" (POJA_ID, POJA_TYP, POJA_MARKA, POJA_MODEL, POJA_ROK_PRODUKCJI, POJA_KRAJ_POCHODZENIA, POJA_VIN, POJA_RODZAJ_PALIWA, POJA_POJEMNOSC_SILNIKA, POJA_MOC_SILNIKA) VALUES ('6', 'O', 'MERCEDES', 'W124', '1990', 'PL', 'AAAAAAAAA6', 'D', '2000', '90'); select POJAZDY_POJA_ID_SEQ.nextval from dual;
INSERT INTO "POJAZDY" (POJA_ID, POJA_TYP, POJA_MARKA, POJA_MODEL, POJA_ROK_PRODUKCJI, POJA_KRAJ_POCHODZENIA, POJA_VIN, POJA_RODZAJ_PALIWA, POJA_POJEMNOSC_SILNIKA, POJA_MOC_SILNIKA) VALUES ('7', 'O', 'BMW', 'E46', '2005', 'PL', 'AAAAAAAAA7', 'D', '3000', '210'); select POJAZDY_POJA_ID_SEQ.nextval from dual;
INSERT INTO "POJAZDY" (POJA_ID, POJA_TYP, POJA_MARKA, POJA_MODEL, POJA_ROK_PRODUKCJI, POJA_KRAJ_POCHODZENIA, POJA_VIN, POJA_RODZAJ_PALIWA, POJA_POJEMNOSC_SILNIKA, POJA_MOC_SILNIKA) VALUES ('8', 'C', 'VOLVO', 'jakistam', '2005', 'SE', 'AAAAAAAAA8', 'D', '5000', '250'); select POJAZDY_POJA_ID_SEQ.nextval from dual;
INSERT INTO "POJAZDY" (POJA_ID, POJA_TYP, POJA_MARKA, POJA_MODEL, POJA_ROK_PRODUKCJI, POJA_KRAJ_POCHODZENIA, POJA_VIN, POJA_RODZAJ_PALIWA, POJA_POJEMNOSC_SILNIKA, POJA_MOC_SILNIKA) VALUES ('9', 'C', 'MAN', 'jakistamtez', '2007', 'PL', 'AAAAAAAAA9', 'D', '6000', '210'); select POJAZDY_POJA_ID_SEQ.nextval from dual;
INSERT INTO "POJAZDY" (POJA_ID, POJA_TYP, POJA_MARKA, POJA_MODEL, POJA_ROK_PRODUKCJI, POJA_KRAJ_POCHODZENIA, POJA_VIN, POJA_RODZAJ_PALIWA, POJA_POJEMNOSC_SILNIKA, POJA_MOC_SILNIKA) VALUES ('10', 'C', 'IVECO', 'tezjakistam', '2010', 'PL', 'AAAAAAAA10', 'D', '3000', '150'); select POJAZDY_POJA_ID_SEQ.nextval from dual;

INSERT INTO "SLOWNIKI" (SLOW_ID, SLOW_KOD, SLOW_OPIS) VALUES ('3', 'TYPY_KLIENTOW', 'Słownik typów klientów.'); select slowniki_slow_id_seq.nextval from dual;
INSERT INTO "POZYCJE_SLOWNIKA" (POSL_ID, POSL_KOD, POSL_WARTOSC, POSL_OPIS, SLOWNIKI_SLOW_ID) VALUES ('14', 'OSOBA_FIZYCZNA', 'O', 'Osoba fizyczna', '3'); select pozycje_slownika_posl_id_seq.nextval from dual;
INSERT INTO "POZYCJE_SLOWNIKA" (POSL_ID, POSL_KOD, POSL_WARTOSC, POSL_OPIS, SLOWNIKI_SLOW_ID) VALUES ('15', 'KONTRAHENT', 'F', 'Firma', '3'); select pozycje_slownika_posl_id_seq.nextval from dual;

INSERT INTO "WLASCICIELE_OFERT" (WOFE_ID, WOFE_INFO_DODATKOWE, WOFE_IMIE, WOFE_NAZWISKO, WOFE_PESEL, WOFE_TYP, WOFE_ULICA, WOFE_NR_BUDYNKU, WOFE_NR_LOKALU, WOFE_MIASTO, WOFE_KOD_POCZTOWY) VALUES ('1', 'BRAK', 'MACIEJ', 'POSŁUSZNY', '94053004838', 'O', 'ARTURA GROTTGERA', '24', '1', 'GDAŃSK', '80-319'); select WLASCICIELE_OFERT_WOFE_ID_SEQ.nextval from dual;
INSERT INTO "WLASCICIELE_OFERT" (WOFE_ID, WOFE_INFO_DODATKOWE, WOFE_IMIE, WOFE_NAZWISKO, WOFE_PESEL, WOFE_TYP, WOFE_ULICA, WOFE_NR_BUDYNKU, WOFE_NR_LOKALU, WOFE_MIASTO, WOFE_KOD_POCZTOWY) VALUES ('2', 'BRAK', 'KRYSTYNA', 'MAZURKIEWICZ', '79030715808', 'O', 'JANA PAWŁA II', '101A', '12', 'GDAŃSK', '81-340'); select WLASCICIELE_OFERT_WOFE_ID_SEQ.nextval from dual;
INSERT INTO "WLASCICIELE_OFERT" (WOFE_ID, WOFE_INFO_DODATKOWE, WOFE_IMIE, WOFE_NAZWISKO, WOFE_PESEL, WOFE_TYP, WOFE_ULICA, WOFE_NR_BUDYNKU, WOFE_NR_LOKALU, WOFE_MIASTO, WOFE_KOD_POCZTOWY) VALUES ('3', 'BRAK', 'BOŻENA', 'ANTRYKOT', '85112306662', 'O', 'BOROWA', '17', '4', 'GDYNIA', '11-111'); select WLASCICIELE_OFERT_WOFE_ID_SEQ.nextval from dual;
INSERT INTO "WLASCICIELE_OFERT" (WOFE_ID, WOFE_INFO_DODATKOWE, WOFE_IMIE, WOFE_NAZWISKO, WOFE_PESEL, WOFE_TYP, WOFE_ULICA, WOFE_NR_BUDYNKU, WOFE_NR_LOKALU, WOFE_MIASTO, WOFE_KOD_POCZTOWY) VALUES ('4', 'BRAK', 'KAROL', 'BRYLOWSKI', '78120715612', 'O', 'ŚWIERKOWA', '1B', '10', 'GDAŃSK', '11-111'); select WLASCICIELE_OFERT_WOFE_ID_SEQ.nextval from dual;
INSERT INTO "WLASCICIELE_OFERT" (WOFE_ID, WOFE_INFO_DODATKOWE, WOFE_IMIE, WOFE_NAZWISKO, WOFE_PESEL, WOFE_TYP, WOFE_ULICA, WOFE_NR_BUDYNKU, WOFE_NR_LOKALU, WOFE_MIASTO, WOFE_KOD_POCZTOWY) VALUES ('5', 'BRAK', 'ANDRZEJ', 'WAWRZYNIEC', '93021619618', 'O', 'BRZOZOWA', '2', '1', 'GDAŃSK', '11-111'); select WLASCICIELE_OFERT_WOFE_ID_SEQ.nextval from dual;
INSERT INTO "WLASCICIELE_OFERT" (WOFE_ID, WOFE_INFO_DODATKOWE, WOFE_NAZWA, WOFE_TYP, WOFE_NIP, WOFE_ULICA, WOFE_NR_BUDYNKU, WOFE_NR_LOKALU, WOFE_MIASTO, WOFE_KOD_POCZTOWY) VALUES ('6', 'BRAK', 'SALON KOMPUTEROWY ENTER', 'F', '1111111111', 'MODRZEWIOWA', '21', '12', 'GDAŃSK', '11-111'); select WLASCICIELE_OFERT_WOFE_ID_SEQ.nextval from dual;
INSERT INTO "WLASCICIELE_OFERT" (WOFE_ID, WOFE_INFO_DODATKOWE, WOFE_NAZWA, WOFE_TYP, WOFE_NIP, WOFE_ULICA, WOFE_NR_BUDYNKU, WOFE_NR_LOKALU, WOFE_MIASTO, WOFE_KOD_POCZTOWY) VALUES ('7', 'BRAK', 'FIRMA USŁUGOWA KAMELEON', 'F', '2222222222', 'GALAKTYCZNA', '35', '1', 'GDAŃSK', '11-111'); select WLASCICIELE_OFERT_WOFE_ID_SEQ.nextval from dual;
INSERT INTO "WLASCICIELE_OFERT" (WOFE_ID, WOFE_INFO_DODATKOWE, WOFE_NAZWA, WOFE_TYP, WOFE_NIP, WOFE_ULICA, WOFE_NR_BUDYNKU, WOFE_NR_LOKALU, WOFE_MIASTO, WOFE_KOD_POCZTOWY) VALUES ('8', 'BRAK', 'ZAKŁAD KRAWIECKI SZPULECZKA', 'F', '3333333333', 'NEPTUNA', '10', '1', 'GDAŃSK', '11-111'); select WLASCICIELE_OFERT_WOFE_ID_SEQ.nextval from dual;
INSERT INTO "WLASCICIELE_OFERT" (WOFE_ID, WOFE_INFO_DODATKOWE, WOFE_NAZWA, WOFE_TYP, WOFE_NIP, WOFE_ULICA, WOFE_NR_BUDYNKU, WOFE_NR_LOKALU, WOFE_MIASTO, WOFE_KOD_POCZTOWY) VALUES ('9', 'BRAK', 'AGENCJA NIERUCHOMOŚCI KWIATEK', 'F', '4444444444', 'DŁUGA', '2', '1', 'GDAŃSK', '11-111'); select WLASCICIELE_OFERT_WOFE_ID_SEQ.nextval from dual;
INSERT INTO "WLASCICIELE_OFERT" (WOFE_ID, WOFE_INFO_DODATKOWE, WOFE_NAZWA, WOFE_TYP, WOFE_NIP, WOFE_ULICA, WOFE_NR_BUDYNKU, WOFE_NR_LOKALU, WOFE_MIASTO, WOFE_KOD_POCZTOWY) VALUES ('10', 'BRAK', 'ZAKŁAD POGRZEBOWY HADES', 'F', '5555555555', 'GRUNWALDZKA', '240', '11', 'GDAŃSK', '11-111'); select WLASCICIELE_OFERT_WOFE_ID_SEQ.nextval from dual;

INSERT INTO "PRODUKTY" (PROD_ID, PROD_NAZWA, PROD_OPIS, PROD_KOD) VALUES ('1', 'OC', 'Polisa standardowa komunikacyjna', 'OC'); select POJAZDY_POJA_ID_SEQ.nextval from dual;
INSERT INTO "PRODUKTY" (PROD_ID, PROD_NAZWA, PROD_OPIS, PROD_KOD) VALUES ('2', 'AC', 'Auto casco', 'AC'); select POJAZDY_POJA_ID_SEQ.nextval from dual;
INSERT INTO "PRODUKTY" (PROD_ID, PROD_NAZWA, PROD_OPIS, PROD_KOD) VALUES ('3', 'Autoszyby', 'Ubezpieczenie na wypadek wybicia szyby', 'AUTOSZYBY'); select POJAZDY_POJA_ID_SEQ.nextval from dual;

INSERT INTO "OFERTY" (OFER_ID, OFER_KWOTA, OFER_DATA_POCZ_OCHRONY, OFER_DATA_KONC_OCHRONY, POJAZDY_POJA_ID, WLASCICIELE_OFERT_WOFE_ID, JEDNOSTKI_STATYSTYCZNE_JSTA_ID) VALUES ('1', '1500', TO_DATE('2018-01-10 23:12:40', 'YYYY-MM-DD HH24:MI:SS'), TO_DATE('2019-01-10 00:00:00', 'YYYY-MM-DD HH24:MI:SS'), '1', '1', '4'); select OFERTY_OFER_ID_SEQ.nextval from dual;
INSERT INTO "OFERTY" (OFER_ID, OFER_KWOTA, OFER_DATA_POCZ_OCHRONY, OFER_DATA_KONC_OCHRONY, POJAZDY_POJA_ID, WLASCICIELE_OFERT_WOFE_ID, JEDNOSTKI_STATYSTYCZNE_JSTA_ID) VALUES ('2', '1600', TO_DATE('2018-01-10 00:00:00', 'YYYY-MM-DD HH24:MI:SS'), TO_DATE('2019-01-10 00:00:00', 'YYYY-MM-DD HH24:MI:SS'), '2', '2', '4'); select OFERTY_OFER_ID_SEQ.nextval from dual;
INSERT INTO "OFERTY" (OFER_ID, OFER_KWOTA, OFER_DATA_POCZ_OCHRONY, OFER_DATA_KONC_OCHRONY, POJAZDY_POJA_ID, WLASCICIELE_OFERT_WOFE_ID, JEDNOSTKI_STATYSTYCZNE_JSTA_ID) VALUES ('3', '1800', TO_DATE('2018-01-10 00:00:00', 'YYYY-MM-DD HH24:MI:SS'), TO_DATE('2019-01-10 00:00:00', 'YYYY-MM-DD HH24:MI:SS'), '3', '3', '5'); select OFERTY_OFER_ID_SEQ.nextval from dual;
INSERT INTO "OFERTY" (OFER_ID, OFER_KWOTA, OFER_DATA_POCZ_OCHRONY, OFER_DATA_KONC_OCHRONY, POJAZDY_POJA_ID, WLASCICIELE_OFERT_WOFE_ID, JEDNOSTKI_STATYSTYCZNE_JSTA_ID, OFER_KAMA_ID) VALUES ('4', '1900', TO_DATE('2018-01-10 00:00:00', 'YYYY-MM-DD HH24:MI:SS'), TO_DATE('2019-01-10 00:00:00', 'YYYY-MM-DD HH24:MI:SS'), '4', '4', '5', '3'); select OFERTY_OFER_ID_SEQ.nextval from dual;
INSERT INTO "OFERTY" (OFER_ID, OFER_KWOTA, OFER_DATA_POCZ_OCHRONY, OFER_DATA_KONC_OCHRONY, POJAZDY_POJA_ID, WLASCICIELE_OFERT_WOFE_ID, JEDNOSTKI_STATYSTYCZNE_JSTA_ID, OFER_KAMA_ID) VALUES ('5', '2100', TO_DATE('2018-01-10 00:00:00', 'YYYY-MM-DD HH24:MI:SS'), TO_DATE('2019-01-10 00:00:00', 'YYYY-MM-DD HH24:MI:SS'), '5', '5', '4', '3'); select OFERTY_OFER_ID_SEQ.nextval from dual;
INSERT INTO "OFERTY" (OFER_ID, OFER_KWOTA, OFER_DATA_POCZ_OCHRONY, OFER_DATA_KONC_OCHRONY, POJAZDY_POJA_ID, WLASCICIELE_OFERT_WOFE_ID, JEDNOSTKI_STATYSTYCZNE_JSTA_ID) VALUES ('6', '1500', TO_DATE('2018-01-10 00:00:00', 'YYYY-MM-DD HH24:MI:SS'), TO_DATE('2019-01-10 00:00:00', 'YYYY-MM-DD HH24:MI:SS'), '6', '6', '7'); select OFERTY_OFER_ID_SEQ.nextval from dual;
INSERT INTO "OFERTY" (OFER_ID, OFER_KWOTA, OFER_DATA_POCZ_OCHRONY, OFER_DATA_KONC_OCHRONY, POJAZDY_POJA_ID, WLASCICIELE_OFERT_WOFE_ID, JEDNOSTKI_STATYSTYCZNE_JSTA_ID) VALUES ('7', '1700', TO_DATE('2018-01-10 00:00:00', 'YYYY-MM-DD HH24:MI:SS'), TO_DATE('2019-01-10 00:00:00', 'YYYY-MM-DD HH24:MI:SS'), '7', '7', '7'); select OFERTY_OFER_ID_SEQ.nextval from dual;
INSERT INTO "OFERTY" (OFER_ID, OFER_KWOTA, OFER_DATA_POCZ_OCHRONY, OFER_DATA_KONC_OCHRONY, POJAZDY_POJA_ID, WLASCICIELE_OFERT_WOFE_ID, JEDNOSTKI_STATYSTYCZNE_JSTA_ID, OFER_KAMA_ID) VALUES ('8', '2300', TO_DATE('2018-01-10 00:00:00', 'YYYY-MM-DD HH24:MI:SS'), TO_DATE('2019-01-10 00:00:00', 'YYYY-MM-DD HH24:MI:SS'), '8', '8', '8', '2'); select OFERTY_OFER_ID_SEQ.nextval from dual;
INSERT INTO "OFERTY" (OFER_ID, OFER_KWOTA, OFER_DATA_POCZ_OCHRONY, OFER_DATA_KONC_OCHRONY, POJAZDY_POJA_ID, WLASCICIELE_OFERT_WOFE_ID, JEDNOSTKI_STATYSTYCZNE_JSTA_ID, OFER_KAMA_ID) VALUES ('9', '2100', TO_DATE('2018-01-10 00:00:00', 'YYYY-MM-DD HH24:MI:SS'), TO_DATE('2019-01-10 00:00:00', 'YYYY-MM-DD HH24:MI:SS'), '9', '9', '9', '2'); select OFERTY_OFER_ID_SEQ.nextval from dual;
INSERT INTO "OFERTY" (OFER_ID, OFER_KWOTA, OFER_DATA_POCZ_OCHRONY, OFER_DATA_KONC_OCHRONY, POJAZDY_POJA_ID, WLASCICIELE_OFERT_WOFE_ID, JEDNOSTKI_STATYSTYCZNE_JSTA_ID, OFER_KAMA_ID) VALUES ('10', '2000', TO_DATE('2018-01-10 00:00:00', 'YYYY-MM-DD HH24:MI:SS'), TO_DATE('2019-01-10 00:00:00', 'YYYY-MM-DD HH24:MI:SS'), '10', '10', '10', '2'); select OFERTY_OFER_ID_SEQ.nextval from dual;

INSERT INTO "SLOWNIKI" (SLOW_ID, SLOW_KOD, SLOW_OPIS) VALUES (6, 'STATUSY_ROSZCZEN', 'Słownik statusow roszczeń.'); select slowniki_slow_id_seq.nextval from dual;
INSERT INTO "POZYCJE_SLOWNIKA" (POSL_ID, POSL_KOD, POSL_WARTOSC, POSL_OPIS, SLOWNIKI_SLOW_ID) VALUES (null, 'ZAREJESTROWANO', 'R', 'Status poczatkowy. Roszczenie zarejestrowane w systemie', '6');
INSERT INTO "POZYCJE_SLOWNIKA" (POSL_ID, POSL_KOD, POSL_WARTOSC, POSL_OPIS, SLOWNIKI_SLOW_ID) VALUES (null, 'PRZETWARZANIE', 'P', 'Roszczenie jest przetwarzane', '6');
INSERT INTO "POZYCJE_SLOWNIKA" (POSL_ID, POSL_KOD, POSL_WARTOSC, POSL_OPIS, SLOWNIKI_SLOW_ID) VALUES (null, 'LIKWIDACJA_SZKOD', 'L', 'Trwa likwidacja szkod', '6');
INSERT INTO "POZYCJE_SLOWNIKA" (POSL_ID, POSL_KOD, POSL_WARTOSC, POSL_OPIS, SLOWNIKI_SLOW_ID) VALUES (null, 'ZAMKNIETE', 'Z', 'Zamknięte', '6');

INSERT INTO "SLOWNIKI" (SLOW_ID, SLOW_KOD, SLOW_OPIS) VALUES (7, 'TYPY_STRON_POSTEPOWANIA', 'Słownik typow stron postepowania.'); select slowniki_slow_id_seq.nextval from dual;
INSERT INTO "POZYCJE_SLOWNIKA" (POSL_ID, POSL_KOD, POSL_WARTOSC, POSL_OPIS, SLOWNIKI_SLOW_ID) VALUES (null, 'POSZKODOWANY', 'P', 'Poszkodowany w zdarzeniu drogowym', '7');
INSERT INTO "POZYCJE_SLOWNIKA" (POSL_ID, POSL_KOD, POSL_WARTOSC, POSL_OPIS, SLOWNIKI_SLOW_ID) VALUES (null, 'SPRAWCA', 'S', 'Sprawca zdarzenia drogowego', '7');

COMMIT;
